id,first_name,last_name,email,gender,ip_address
1,Eric,Ismay,eismay0@jigsy.com,Male,242.14.99.1
2,Rose,Harwood,rharwood1@usgs.gov,Female,123.20.197.36
3,Davide,Hintzer,dhintzer2@boston.com,Male,230.25.122.40
4,Celisse,Schuelcke,cschuelcke3@creativecommons.org,Female,236.178.163.35
5,Dulci,Glanfield,dglanfield4@comcast.net,Polygender,47.223.27.33
6,Wynny,MacBean,wmacbean5@shareasale.com,Female,65.99.21.239
7,Gaye,Richfield,grichfield6@addthis.com,Female,10.249.49.177
8,Lily,Gush,lgush7@fastcompany.com,Female,176.39.154.192
9,Erastus,Twelftree,etwelftree8@geocities.com,Male,69.224.183.79
10,Noak,MacAlinden,nmacalinden9@google.it,Male,212.63.118.78
11,Junie,Ingold,jingolda@wunderground.com,Female,211.198.175.174
12,Selina,Lorkings,slorkingsb@drupal.org,Female,32.227.126.13
13,Rozina,Daspar,rdasparc@archive.org,Female,85.241.195.250
14,Port,Jagson,pjagsond@tiny.cc,Male,172.32.193.80
15,Isador,Pittel,ipittele@arstechnica.com,Male,98.182.7.75
16,Mic,Boshell,mboshellf@hc360.com,Male,224.110.22.51
17,Jandy,Philippard,jphilippardg@phpbb.com,Bigender,155.81.138.125
18,Mac,Isenor,misenorh@webmd.com,Male,107.183.55.68
19,Selig,Tattam,stattami@sina.com.cn,Male,24.210.156.108
20,Weylin,Jeannequin,wjeannequinj@cisco.com,Male,67.38.49.107
21,Vitoria,Wontner,vwontnerk@1688.com,Female,205.127.15.18
22,Beverlie,Giblett,bgiblettl@i2i.jp,Female,169.216.220.157
23,Duky,Jindrich,djindrichm@shinystat.com,Male,88.32.63.223
24,Ignazio,Janicki,ijanickin@marketwatch.com,Male,96.147.252.131
25,Jennie,Parcell,jparcello@buzzfeed.com,Female,13.252.39.0
26,Ignace,Duchesne,iduchesnep@google.com.au,Male,63.114.145.69
27,Edgardo,Benoiton,ebenoitonq@seesaa.net,Male,112.180.70.201
28,Uriel,Donativo,udonativor@comcast.net,Male,165.94.71.206
29,Gaylord,Tims,gtimss@bbc.co.uk,Non-binary,117.250.207.184
30,Mildrid,Montague,mmontaguet@tinyurl.com,Female,226.69.35.213
31,Kirby,Lunnon,klunnonu@ucla.edu,Female,196.227.5.229
32,Curt,Reidie,creidiev@answers.com,Non-binary,120.126.130.143
33,Patten,Farden,pfardenw@linkedin.com,Male,128.89.156.183
34,Flory,Shippard,fshippardx@dedecms.com,Male,52.50.65.83
35,Eleni,Shefton,esheftony@examiner.com,Female,30.104.233.56
36,Nixie,Achrameev,nachrameevz@free.fr,Female,75.155.188.240
37,Rosemary,Patise,rpatise10@twitter.com,Female,31.220.167.42
38,Bree,Radbone,bradbone11@joomla.org,Female,95.37.31.154
39,Selestina,Lowden,slowden12@goodreads.com,Female,120.28.147.219
40,Danit,Ladell,dladell13@dyndns.org,Female,59.4.119.99
41,Bonni,Penreth,bpenreth14@unicef.org,Female,51.10.111.228
42,Murielle,Colbran,mcolbran15@ovh.net,Female,75.144.195.36
43,Celene,Ever,cever16@goodreads.com,Female,136.190.66.182
44,Pablo,Smart,psmart17@bloglines.com,Male,136.219.227.221
45,Krystal,Cossentine,kcossentine18@cnbc.com,Female,164.78.68.10
46,Wash,Maryman,wmaryman19@technorati.com,Male,216.139.253.201
47,Christa,McNee,cmcnee1a@forbes.com,Female,112.132.33.33
48,Nefen,Messitt,nmessitt1b@dell.com,Male,114.41.207.117
49,Antonin,Freyn,afreyn1c@cam.ac.uk,Male,61.18.173.177
50,Isador,Hierro,ihierro1d@washington.edu,Male,16.14.17.40
51,Arvin,Monahan,amonahan1e@mayoclinic.com,Male,125.15.62.137
52,Tate,Pepineaux,tpepineaux1f@nature.com,Female,75.2.92.203
53,Riordan,Kellart,rkellart1g@ibm.com,Male,144.249.192.114
54,Lorraine,McGrorty,lmcgrorty1h@shutterfly.com,Female,94.62.45.190
55,Gabriela,Bastard,gbastard1i@facebook.com,Female,136.91.133.37
56,Fee,Tyndall,ftyndall1j@mapquest.com,Male,84.143.158.227
57,Else,Harroll,eharroll1k@dropbox.com,Female,255.90.56.238
58,Mahmud,Yelden,myelden1l@rakuten.co.jp,Male,177.20.72.104
59,Hillier,Munning,hmunning1m@time.com,Male,235.7.186.160
60,Padraic,Kmiec,pkmiec1n@yale.edu,Male,34.22.29.145
61,Nicoli,Yukhtin,nyukhtin1o@wisc.edu,Female,94.20.58.111
62,Lena,Reah,lreah1p@joomla.org,Female,31.59.92.41
63,Beatriz,Poleye,bpoleye1q@senate.gov,Bigender,204.242.254.53
64,Korrie,Cholmondeley,kcholmondeley1r@cnbc.com,Female,52.80.206.197
65,Jackie,Headan,jheadan1s@moonfruit.com,Female,228.84.194.202
66,Reuven,Bayston,rbayston1t@nbcnews.com,Male,1.192.181.227
67,Nappie,Klimashevich,nklimashevich1u@fastcompany.com,Male,31.103.21.90
68,Nadiya,Creese,ncreese1v@mtv.com,Female,151.208.179.136
69,Blaine,Philpots,bphilpots1w@ucsd.edu,Male,45.183.151.231
70,Loy,Johnson,ljohnson1x@dmoz.org,Male,90.46.254.69
71,Graig,Dyson,gdyson1y@msn.com,Male,143.196.212.176
72,Aubrette,Benger,abenger1z@networkadvertising.org,Female,73.25.180.104
73,Silvie,Karlolak,skarlolak20@flickr.com,Female,226.231.208.45
74,Bernadene,Northidge,bnorthidge21@pagesperso-orange.fr,Bigender,226.135.238.172
75,Odille,Tidey,otidey22@cpanel.net,Female,172.84.164.196
76,Aime,Baldassi,abaldassi23@wp.com,Agender,225.8.158.235
77,Alvis,Lebel,alebel24@uol.com.br,Male,75.209.230.57
78,Quinn,Moohan,qmoohan25@foxnews.com,Male,199.111.128.193
79,Jermaine,Maddox,jmaddox26@nymag.com,Female,60.242.224.253
80,La verne,Gayter,lgayter27@devhub.com,Female,27.216.121.39
81,Evin,Hamshaw,ehamshaw28@google.ca,Male,100.132.217.218
82,Adele,Firk,afirk29@gravatar.com,Female,198.27.93.165
83,Vale,Gostick,vgostick2a@ca.gov,Genderqueer,173.203.183.153
84,Galen,Killford,gkillford2b@smh.com.au,Polygender,15.245.113.86
85,Barret,MacTavish,bmactavish2c@abc.net.au,Male,71.254.242.202
86,Adrianna,Kensett,akensett2d@npr.org,Polygender,11.190.159.247
87,Zeke,Lorroway,zlorroway2e@icio.us,Male,79.204.212.28
88,Berk,Albertson,balbertson2f@wordpress.org,Genderfluid,32.110.119.126
89,Loella,Pettiford,lpettiford2g@china.com.cn,Female,28.157.21.252
90,Bron,Thies,bthies2h@wunderground.com,Male,33.243.58.180
91,Parsifal,Chalmers,pchalmers2i@java.com,Male,213.8.34.165
92,Wylie,Symes,wsymes2j@wikipedia.org,Male,99.95.84.61
93,Antonietta,Moakes,amoakes2k@people.com.cn,Female,16.157.108.224
94,Dosi,Romans,dromans2l@squidoo.com,Female,120.131.130.167
95,Nessi,Warby,nwarby2m@abc.net.au,Female,177.200.121.148
96,Cosmo,Meadley,cmeadley2n@nytimes.com,Male,196.113.237.155
97,Hebert,Treske,htreske2o@soundcloud.com,Male,242.62.129.49
98,Paton,Van der Brug,pvanderbrug2p@twitpic.com,Male,168.3.12.207
99,Wally,Blaase,wblaase2q@smugmug.com,Male,7.0.71.228
100,Taffy,Sobczak,tsobczak2r@eepurl.com,Female,30.182.165.11
101,Gusti,Latham,glatham2s@ox.ac.uk,Non-binary,85.242.25.254
102,Marisa,Jarville,mjarville2t@altervista.org,Female,32.153.96.79
103,Alister,Simmans,asimmans2u@europa.eu,Male,54.206.187.194
104,Carce,Mabbett,cmabbett2v@so-net.ne.jp,Male,138.244.63.234
105,Alic,Stanners,astanners2w@squidoo.com,Male,165.165.169.135
106,Elga,Davidovici,edavidovici2x@hubpages.com,Female,183.182.172.206
107,Guy,Benian,gbenian2y@deviantart.com,Bigender,213.182.152.70
108,Elias,Mose,emose2z@msn.com,Male,88.209.6.143
109,Beitris,Lebel,blebel30@istockphoto.com,Bigender,245.196.32.133
110,Tally,Waywell,twaywell31@yellowpages.com,Male,4.44.223.200
111,Hermia,Nollet,hnollet32@psu.edu,Genderqueer,121.146.175.128
112,Gardner,Punch,gpunch33@adobe.com,Male,184.57.175.63
113,Sheryl,Gravenor,sgravenor34@berkeley.edu,Female,188.237.196.0
114,Alvira,Paulucci,apaulucci35@google.com.br,Female,61.231.217.128
115,Gerard,Van Salzberger,gvansalzberger36@plala.or.jp,Male,230.110.215.127
116,Maurizio,Woollhead,mwoollhead37@furl.net,Male,132.35.201.105
117,Beatrisa,Hardeman,bhardeman38@unc.edu,Female,253.90.150.120
118,Nerita,Nucci,nnucci39@cnet.com,Female,159.218.77.18
119,Oneida,Druce,odruce3a@usgs.gov,Female,58.193.131.180
120,Riccardo,Wheelband,rwheelband3b@amazon.com,Male,194.188.218.37
121,Efrem,Southerns,esoutherns3c@quantcast.com,Male,141.183.168.20
122,Alford,Bleakman,ableakman3d@usnews.com,Male,249.248.59.77
123,Giovanni,Hordle,ghordle3e@drupal.org,Male,25.98.108.1
124,Ethelyn,Blackmoor,eblackmoor3f@symantec.com,Female,17.9.88.123
125,Vinny,Grenkov,vgrenkov3g@typepad.com,Male,216.243.106.108
126,Othelia,Attenbrough,oattenbrough3h@spiegel.de,Female,6.201.136.73
127,Christophorus,Stannering,cstannering3i@state.tx.us,Male,153.253.179.253
128,Giorgio,Trusdale,gtrusdale3j@youtu.be,Male,109.61.186.5
129,Siouxie,Andrejevic,sandrejevic3k@barnesandnoble.com,Female,209.78.205.121
130,Bibi,Croughan,bcroughan3l@webmd.com,Female,4.163.39.78
131,Darsie,Steinham,dsteinham3m@tiny.cc,Female,63.38.8.239
132,Donetta,Tremayne,dtremayne3n@dyndns.org,Female,5.148.10.91
133,Johnna,Hyett,jhyett3o@skyrock.com,Female,231.146.195.108
134,Katrina,Kemp,kkemp3p@wp.com,Female,216.88.194.72
135,Natty,Trundle,ntrundle3q@ucla.edu,Bigender,153.153.199.182
136,Dian,Le Strange,dlestrange3r@51.la,Female,171.111.28.246
137,Gabby,Matyugin,gmatyugin3s@dmoz.org,Male,190.134.85.204
138,Con,McCowen,cmccowen3t@apple.com,Male,163.241.220.141
139,Ruperto,De Carolis,rdecarolis3u@nba.com,Male,241.93.228.61
140,Hyacintha,Ower,hower3v@ning.com,Female,43.96.116.208
141,Jillene,Berks,jberks3w@soundcloud.com,Female,210.144.252.132
142,Deny,Ingolotti,dingolotti3x@nifty.com,Female,9.166.173.133
143,Phylis,Toulson,ptoulson3y@statcounter.com,Female,73.240.81.246
144,Mathian,Brazener,mbrazener3z@about.com,Male,106.228.108.170
145,Chucho,Curr,ccurr40@smugmug.com,Male,112.246.103.244
146,Justina,Noorwood,jnoorwood41@tamu.edu,Polygender,4.64.11.153
147,Colman,Offiler,coffiler42@about.com,Male,40.152.116.116
148,Mike,Covolini,mcovolini43@wiley.com,Male,64.109.18.85
149,Jeanette,Kensy,jkensy44@google.com,Female,78.233.167.195
150,Tabina,Burbridge,tburbridge45@un.org,Female,184.92.75.153
151,Alexis,Churn,achurn46@aol.com,Female,98.121.233.41
152,Serge,Danielli,sdanielli47@t-online.de,Male,241.148.108.12
153,Colette,Guyton,cguyton48@purevolume.com,Female,1.227.59.61
154,Silvain,Fydoe,sfydoe49@baidu.com,Male,105.52.183.72
155,Joshia,Lafayette,jlafayette4a@microsoft.com,Male,56.65.154.122
156,Bevan,Hanhard,bhanhard4b@cisco.com,Male,64.188.90.28
157,Morna,Rosenkrantz,mrosenkrantz4c@xrea.com,Female,177.138.55.238
158,Gerda,Grimble,ggrimble4d@studiopress.com,Female,232.72.160.188
159,Carma,Oldmeadow,coldmeadow4e@4shared.com,Female,197.184.108.111
160,Dinnie,Simcoe,dsimcoe4f@springer.com,Female,85.125.94.18
161,Melitta,Alyukin,malyukin4g@reference.com,Female,180.234.64.88
162,Ramona,Blader,rblader4h@sbwire.com,Polygender,108.212.45.254
163,Karlik,Passy,kpassy4i@webeden.co.uk,Polygender,25.232.73.11
164,Hildegarde,Gagin,hgagin4j@typepad.com,Female,151.36.181.139
165,Arvy,Natt,anatt4k@washington.edu,Male,144.148.165.166
166,Chevy,Piddletown,cpiddletown4l@yandex.ru,Male,90.45.115.93
167,Lainey,Snazel,lsnazel4m@dailymotion.com,Female,91.141.64.69
168,Robinette,Dempster,rdempster4n@furl.net,Female,251.74.110.146
169,Jae,Gibbie,jgibbie4o@geocities.com,Male,84.128.243.171
170,Jerrylee,Duke,jduke4p@vk.com,Female,119.58.129.97
171,Andi,Baythrop,abaythrop4q@google.com,Female,200.7.57.135
172,Elizabeth,Dearth,edearth4r@omniture.com,Female,31.219.169.32
173,Tiffie,Appleton,tappleton4s@illinois.edu,Female,90.195.148.146
174,Lars,MacIver,lmaciver4t@posterous.com,Male,28.123.119.206
175,Nanine,Caban,ncaban4u@goo.gl,Female,152.162.188.122
176,Orly,Keat,okeat4v@chicagotribune.com,Female,149.132.20.64
177,Ezekiel,Itzak,eitzak4w@over-blog.com,Male,114.209.199.175
178,Tallia,Tropman,ttropman4x@histats.com,Female,26.163.200.79
179,Lolita,Gaffer,lgaffer4y@guardian.co.uk,Female,128.116.114.176
180,Marwin,Prall,mprall4z@reverbnation.com,Male,176.177.33.139
181,Calley,Breukelman,cbreukelman50@zimbio.com,Female,164.135.7.103
182,Dulcine,Highnam,dhighnam51@answers.com,Female,182.69.25.98
183,Sarita,Marvelley,smarvelley52@mashable.com,Female,153.254.206.183
184,Haleigh,Gurnell,hgurnell53@about.com,Male,217.223.110.126
185,Renee,Morais,rmorais54@mediafire.com,Female,247.36.72.83
186,Suzy,Nichol,snichol55@biglobe.ne.jp,Female,190.232.11.77
187,Kaleena,Waggitt,kwaggitt56@house.gov,Bigender,184.103.205.112
188,Ursala,Pedroni,upedroni57@wiley.com,Female,108.196.87.60
189,Phyllys,Bukac,pbukac58@hud.gov,Female,45.54.11.100
190,Federico,Busk,fbusk59@odnoklassniki.ru,Male,92.50.49.78
191,Latia,Saurat,lsaurat5a@cmu.edu,Female,179.255.43.75
192,Halimeda,Jumont,hjumont5b@answers.com,Female,235.54.43.230
193,Lenard,Lillicrap,llillicrap5c@gravatar.com,Male,179.217.188.243
194,Hallsy,Leddie,hleddie5d@livejournal.com,Male,213.66.155.234
195,Barrie,Lingard,blingard5e@chronoengine.com,Male,16.110.209.35
196,Curr,Rival,crival5f@networksolutions.com,Agender,16.89.85.72
197,Ginger,Simony,gsimony5g@gmpg.org,Female,89.75.201.218
198,Michail,Pulman,mpulman5h@opera.com,Genderqueer,75.93.160.18
199,Bayard,Sneaker,bsneaker5i@oaic.gov.au,Male,162.231.151.93
200,Edgardo,Norcop,enorcop5j@va.gov,Male,248.12.34.1
201,Bridie,Sammon,bsammon5k@naver.com,Female,76.82.46.102
202,Julius,O'Clery,joclery5l@opera.com,Male,101.215.94.48
203,Stephen,Karchewski,skarchewski5m@uol.com.br,Male,21.218.60.194
204,Gunter,Bockings,gbockings5n@lycos.com,Male,179.254.100.199
205,Jourdan,Bande,jbande5o@cnn.com,Female,34.116.29.162
206,Hadleigh,Deyenhardt,hdeyenhardt5p@blogger.com,Male,10.109.93.167
207,Zollie,Hellicar,zhellicar5q@sphinn.com,Male,23.12.127.192
208,Nicolina,McIlhone,nmcilhone5r@youku.com,Female,90.137.73.8
209,Rollie,Coultar,rcoultar5s@google.pl,Male,217.172.239.11
210,Emilee,Prosek,eprosek5t@t.co,Female,64.55.96.95
211,Charis,Jaggers,cjaggers5u@ted.com,Female,188.240.108.193
212,Arlee,Juanes,ajuanes5v@google.fr,Female,213.42.41.10
213,Ines,Rozycki,irozycki5w@dropbox.com,Female,217.210.186.190
214,Laurie,Ambrose,lambrose5x@hibu.com,Female,32.41.160.169
215,Benedetto,Bernucci,bbernucci5y@4shared.com,Male,15.44.0.31
216,Tedie,Spencer,tspencer5z@wikipedia.org,Male,206.210.77.17
217,Del,Hurdidge,dhurdidge60@google.pl,Agender,28.149.209.246
218,Odo,Schwaiger,oschwaiger61@ameblo.jp,Male,191.251.220.53
219,Edik,Owthwaite,eowthwaite62@cornell.edu,Male,183.168.127.136
220,Meghan,Busain,mbusain63@gov.uk,Female,216.136.129.213
221,Obadias,Scoyne,oscoyne64@tinyurl.com,Male,89.76.4.252
222,Carlo,Giorgio,cgiorgio65@house.gov,Male,54.151.50.95
223,Joyous,Adriaan,jadriaan66@google.de,Female,220.58.178.43
224,Nana,O'Canavan,nocanavan67@tripod.com,Female,147.229.170.155
225,Fleming,Strettle,fstrettle68@kickstarter.com,Male,118.8.28.63
226,Dru,Mayger,dmayger69@wordpress.org,Genderqueer,21.162.200.111
227,Jenna,Hinz,jhinz6a@who.int,Female,139.109.33.113
228,Bondy,Rivett,brivett6b@ameblo.jp,Male,251.85.123.77
229,Tripp,Rustidge,trustidge6c@webnode.com,Male,161.122.127.223
230,Raquel,Antoniottii,rantoniottii6d@google.pl,Female,78.83.238.1
231,Jamie,Lafont,jlafont6e@g.co,Male,162.31.18.156
232,Aluino,Tranmer,atranmer6f@senate.gov,Male,89.120.52.130
233,Doy,Bohea,dbohea6g@java.com,Male,243.26.249.133
234,Carlen,Batham,cbatham6h@usa.gov,Female,149.4.16.200
235,Dale,Bennallck,dbennallck6i@vkontakte.ru,Male,182.143.232.168
236,Audra,Caldes,acaldes6j@chronoengine.com,Female,64.25.85.9
237,Geordie,Garrish,ggarrish6k@nytimes.com,Male,150.11.48.157
238,Lisle,Acutt,lacutt6l@jimdo.com,Male,31.136.32.3
239,Bernadene,Fardon,bfardon6m@sohu.com,Female,194.255.77.97
240,Jessey,Fludgate,jfludgate6n@sciencedaily.com,Male,78.38.120.22
241,Gabby,Rother,grother6o@dropbox.com,Male,93.208.19.255
242,Hynda,St. Pierre,hstpierre6p@wikimedia.org,Female,59.252.157.221
243,Katuscha,Bohlens,kbohlens6q@i2i.jp,Genderqueer,214.64.137.254
244,Jehanna,Broadberrie,jbroadberrie6r@csmonitor.com,Female,173.89.110.147
245,Franny,Zanetello,fzanetello6s@hc360.com,Female,210.63.116.230
246,Davis,Watts,dwatts6t@cbc.ca,Male,43.226.143.127
247,Kelley,Paynter,kpaynter6u@icq.com,Female,2.23.49.52
248,Lorne,Hallam,lhallam6v@spotify.com,Male,164.183.113.51
249,Haslett,Sayes,hsayes6w@github.io,Male,239.11.183.185
250,Jo,Bush,jbush6x@uiuc.edu,Genderfluid,226.62.91.119
251,Rosemonde,Cyphus,rcyphus6y@fastcompany.com,Female,2.109.209.28
252,Chevalier,Urlich,curlich6z@wikimedia.org,Agender,46.160.128.74
253,Derrick,Easterby,deasterby70@hostgator.com,Male,33.72.200.86
254,Nydia,d' Elboux,ndelboux71@bing.com,Female,192.75.106.174
255,Tomaso,Sheldon,tsheldon72@google.es,Male,73.47.78.92
256,Erv,Wernher,ewernher73@tmall.com,Male,98.117.165.144
257,Bernadine,Leile,bleile74@geocities.jp,Bigender,37.153.122.116
258,Jocelin,Dollimore,jdollimore75@livejournal.com,Female,153.152.165.219
259,Chadwick,Millam,cmillam76@tripadvisor.com,Male,233.46.251.163
260,Rayna,Mace,rmace77@msu.edu,Female,179.70.208.107
261,Gerda,Strangwood,gstrangwood78@goo.ne.jp,Female,152.36.207.156
262,Korie,Fantin,kfantin79@utexas.edu,Female,225.103.184.196
263,Karim,Eyeington,keyeington7a@ucsd.edu,Male,201.213.212.200
264,Benji,Margarson,bmargarson7b@sun.com,Male,254.41.248.3
265,Niki,Durrance,ndurrance7c@is.gd,Agender,125.202.121.117
266,Dottie,Kisar,dkisar7d@amazonaws.com,Non-binary,103.87.66.4
267,Drusilla,Gittoes,dgittoes7e@list-manage.com,Female,8.141.32.13
268,Meade,Van Hove,mvanhove7f@themeforest.net,Male,201.130.128.254
269,Piotr,Tidcomb,ptidcomb7g@delicious.com,Male,251.35.137.14
270,Rupert,Arkley,rarkley7h@163.com,Male,149.130.212.238
271,Rhys,Ryall,rryall7i@example.com,Male,160.218.137.12
272,Beltran,Enderby,benderby7j@cloudflare.com,Male,235.99.90.40
273,Herrick,Carpenter,hcarpenter7k@blogspot.com,Male,130.23.24.189
274,Prue,Scudder,pscudder7l@geocities.jp,Female,38.242.3.46
275,Quill,Tamburo,qtamburo7m@uol.com.br,Male,20.79.84.227
276,Lelia,Cardinale,lcardinale7n@phoca.cz,Female,251.182.152.83
277,Tadeo,Caress,tcaress7o@nydailynews.com,Male,84.36.84.148
278,Birk,Gillise,bgillise7p@wufoo.com,Male,140.19.145.2
279,Evangelia,Sheahan,esheahan7q@360.cn,Female,186.139.39.1
280,Derk,Gye,dgye7r@flickr.com,Male,203.117.208.201
281,Miranda,Jacobi,mjacobi7s@rediff.com,Female,28.92.194.169
282,Charil,Bortolussi,cbortolussi7t@unc.edu,Female,207.185.21.238
283,Garvey,Stearndale,gstearndale7u@reverbnation.com,Male,250.218.150.247
284,Tommy,Hurndall,thurndall7v@pcworld.com,Male,150.77.171.102
285,Ingelbert,Stuchberry,istuchberry7w@howstuffworks.com,Male,66.66.88.50
286,Blake,Jeckells,bjeckells7x@hibu.com,Female,139.38.237.214
287,Aguistin,Sukbhans,asukbhans7y@kickstarter.com,Male,90.202.203.101
288,Geneva,Shortall,gshortall7z@uiuc.edu,Female,47.68.40.231
289,Harvey,Dillingham,hdillingham80@usnews.com,Male,30.195.86.71
290,Lanie,Phair,lphair81@un.org,Male,140.31.252.255
291,Waverley,Semiras,wsemiras82@slashdot.org,Male,99.208.174.90
292,Cary,Gasnoll,cgasnoll83@reuters.com,Non-binary,78.33.50.34
293,Enid,Maloney,emaloney84@webnode.com,Female,75.183.17.233
294,Mitchael,Goodbarne,mgoodbarne85@apache.org,Male,213.239.158.153
295,Dusty,Doelle,ddoelle86@prlog.org,Female,104.243.169.243
296,Dukie,Hammel,dhammel87@studiopress.com,Male,27.177.104.190
297,Adriano,Braksper,abraksper88@newsvine.com,Male,222.83.251.22
298,Bathsheba,Vanstone,bvanstone89@e-recht24.de,Female,223.78.172.155
299,Augusto,Sedgeman,asedgeman8a@newyorker.com,Male,193.24.121.131
300,Cullin,Mancer,cmancer8b@psu.edu,Male,30.82.132.162
301,Isadora,Leate,ileate8c@wikipedia.org,Female,210.16.149.94
302,Walt,Peller,wpeller8d@tinyurl.com,Male,124.36.36.32
303,Martica,Oattes,moattes8e@auda.org.au,Female,7.122.102.16
304,Mattie,Littlekit,mlittlekit8f@bandcamp.com,Male,62.189.108.81
305,Barr,MacEveley,bmaceveley8g@reference.com,Genderfluid,114.208.247.208
306,Birch,Darrow,bdarrow8h@elpais.com,Male,152.200.174.185
307,Caron,Howes,chowes8i@ehow.com,Female,128.96.62.67
308,Mabel,Gaines,mgaines8j@pinterest.com,Female,174.187.60.192
309,Harp,Dumbell,hdumbell8k@wp.com,Male,103.43.40.234
310,Fawnia,Purdon,fpurdon8l@acquirethisname.com,Female,151.163.252.155
311,Preston,Crampin,pcrampin8m@msn.com,Male,149.47.13.250
312,Annabella,Sertin,asertin8n@constantcontact.com,Female,2.241.73.245
313,Arv,Porte,aporte8o@ca.gov,Male,77.202.72.248
314,Lilah,Sirett,lsirett8p@naver.com,Female,112.159.147.9
315,Vernor,Marmion,vmarmion8q@unicef.org,Male,38.3.189.205
316,Pierce,Tait,ptait8r@wp.com,Male,174.131.83.84
317,Danny,Ellwand,dellwand8s@europa.eu,Bigender,94.63.1.61
318,Sloan,Cropp,scropp8t@is.gd,Male,32.44.167.225
319,Alejandro,Lundy,alundy8u@php.net,Male,25.2.28.230
320,Melisandra,Champkins,mchampkins8v@photobucket.com,Female,81.25.88.204
321,Lucienne,Damarell,ldamarell8w@imgur.com,Female,135.187.27.91
322,Annabelle,Wrotchford,awrotchford8x@nydailynews.com,Female,35.49.243.198
323,Bridget,Drakers,bdrakers8y@wired.com,Female,180.46.80.244
324,Lorens,Bendle,lbendle8z@tinypic.com,Male,76.156.149.183
325,Penelopa,Exelby,pexelby90@parallels.com,Female,248.8.28.236
326,Petr,Janjusevic,pjanjusevic91@godaddy.com,Male,42.63.186.118
327,Gunther,Stuttman,gstuttman92@go.com,Male,112.8.120.237
328,Rik,Laflin,rlaflin93@sciencedirect.com,Male,214.198.88.31
329,Oran,Tremathick,otremathick94@friendfeed.com,Male,175.85.238.88
330,Bryce,Tuerena,btuerena95@fda.gov,Male,178.141.148.94
331,Kasey,Langdon,klangdon96@mapquest.com,Female,0.14.157.6
332,Jordan,Durbridge,jdurbridge97@nydailynews.com,Female,23.168.80.206
333,Annemarie,Ilbert,ailbert98@elpais.com,Female,168.17.2.56
334,Merwyn,Samart,msamart99@wisc.edu,Male,127.124.225.210
335,Maddalena,Levee,mlevee9a@ifeng.com,Female,252.232.107.137
336,Lilia,Birmingham,lbirmingham9b@tinypic.com,Female,127.201.111.0
337,Arvie,Lafrentz,alafrentz9c@merriam-webster.com,Male,224.114.178.255
338,Lazaro,Stallon,lstallon9d@opensource.org,Bigender,98.189.107.139
339,Cazzie,Klaaasen,cklaaasen9e@multiply.com,Male,183.134.163.157
340,Denver,Sirkett,dsirkett9f@toplist.cz,Bigender,107.182.35.45
341,Kippy,Blazejewski,kblazejewski9g@plala.or.jp,Male,64.145.57.123
342,Barthel,Dorrington,bdorrington9h@noaa.gov,Male,230.36.151.201
343,Ives,Gypps,igypps9i@webmd.com,Male,185.225.165.50
344,Joby,Hlavecek,jhlavecek9j@auda.org.au,Female,31.217.175.62
345,Darline,Houlton,dhoulton9k@4shared.com,Female,238.123.195.247
346,Baudoin,Ambrosch,bambrosch9l@virginia.edu,Male,216.232.253.119
347,Susannah,Lodo,slodo9m@github.io,Female,90.47.102.200
348,Dolf,Gullifant,dgullifant9n@mapquest.com,Male,227.119.113.93
349,Liz,Crunden,lcrunden9o@tinyurl.com,Female,42.58.233.97
350,Gunter,Widdup,gwiddup9p@squidoo.com,Male,170.27.99.61
351,Ketty,Dunston,kdunston9q@ox.ac.uk,Female,67.135.98.90
352,Luther,Davage,ldavage9r@webs.com,Non-binary,169.34.91.22
353,Justen,Volcker,jvolcker9s@hp.com,Polygender,6.31.14.25
354,Elke,Portwain,eportwain9t@artisteer.com,Female,17.43.158.93
355,Palmer,Creenan,pcreenan9u@cdc.gov,Male,83.189.137.29
356,Porter,Blind,pblind9v@uol.com.br,Male,21.73.88.27
357,Farley,Korejs,fkorejs9w@alibaba.com,Male,126.174.214.93
358,Allina,Rider,arider9x@squidoo.com,Female,224.32.232.233
359,Gerta,Clarkson,gclarkson9y@wordpress.com,Non-binary,59.14.66.241
360,Reginald,Christene,rchristene9z@admin.ch,Genderfluid,27.43.51.147
361,Beniamino,Smitten,bsmittena0@booking.com,Male,12.71.222.176
362,Barbaraanne,Ing,binga1@whitehouse.gov,Female,173.19.35.24
363,Brendan,Teeney,bteeneya2@wix.com,Male,240.184.81.249
364,Torrance,Ofield,tofielda3@elegantthemes.com,Male,226.251.142.26
365,Essie,Littlekit,elittlekita4@wunderground.com,Female,4.247.60.165
366,Tybalt,Halbeard,thalbearda5@senate.gov,Male,78.150.84.51
367,Othelia,Crosby,ocrosbya6@flickr.com,Female,212.36.87.23
368,Gisele,Groven,ggrovena7@amazon.co.uk,Female,232.157.135.147
369,Ellerey,Josefsohn,ejosefsohna8@surveymonkey.com,Male,11.199.162.239
370,Shawnee,Rand,sranda9@cnet.com,Female,64.100.183.75
371,Paola,Dowthwaite,pdowthwaiteaa@squidoo.com,Non-binary,45.164.35.165
372,Marylynne,Zupone,mzuponeab@ustream.tv,Female,78.143.205.81
373,Wally,Bocking,wbockingac@google.com.hk,Male,85.232.130.222
374,Melonie,Russilll,mrussilllad@webs.com,Female,233.124.195.175
375,Tuckie,Ganders,tgandersae@buzzfeed.com,Male,83.109.157.129
376,Alberik,Pallatina,apallatinaaf@gov.uk,Male,25.194.74.22
377,Ardath,Westberg,awestbergag@t-online.de,Female,208.181.67.221
378,Marian,Raunds,mraundsah@drupal.org,Genderfluid,118.14.13.204
379,Marietta,Dampier,mdampierai@ezinearticles.com,Female,204.220.241.179
380,Sibylle,McCaskill,smccaskillaj@washington.edu,Female,12.115.176.180
381,Charles,Cashley,ccashleyak@census.gov,Male,88.3.39.202
382,Ab,Lovell,alovellal@cpanel.net,Male,27.55.196.148
383,Kaye,Milverton,kmilvertonam@google.pl,Female,163.192.129.211
384,Kelly,Hartman,khartmanan@imageshack.us,Female,10.149.188.40
385,Talia,Duell,tduellao@over-blog.com,Genderqueer,223.104.145.49
386,Kelli,Horley,khorleyap@epa.gov,Female,28.74.86.3
387,Gerald,Covert,gcovertaq@printfriendly.com,Male,70.88.133.127
388,Josefa,Ivantsov,jivantsovar@theatlantic.com,Female,75.212.41.216
389,Wiley,Byrd,wbyrdas@cnn.com,Male,195.44.195.10
390,Edwin,Eldred,eeldredat@samsung.com,Male,24.208.116.5
391,Gena,Mapstone,gmapstoneau@bloglovin.com,Female,213.108.10.116
392,Dare,Reding,dredingav@ftc.gov,Male,85.135.214.38
393,Debbie,Bold,dboldaw@ed.gov,Female,7.39.27.87
394,Chrystal,Coom,ccoomax@simplemachines.org,Female,1.109.54.167
395,Evangelina,Toquet,etoquetay@yellowpages.com,Female,244.77.76.197
396,Brock,Gookey,bgookeyaz@vistaprint.com,Male,196.168.210.221
397,Elke,Bascombe,ebascombeb0@msu.edu,Female,86.203.98.114
398,Brucie,Hurran,bhurranb1@yahoo.com,Male,241.247.61.110
399,Akim,Yateman,ayatemanb2@bloomberg.com,Male,161.203.253.38
400,Andra,Johannesson,ajohannessonb3@sfgate.com,Female,209.34.42.157
401,Maxy,Eskriet,meskrietb4@comsenz.com,Male,123.167.213.166
402,Isidoro,Cowans,icowansb5@squarespace.com,Male,22.26.58.170
403,Sherilyn,Vokes,svokesb6@smugmug.com,Female,78.105.182.130
404,Gerianne,Samson,gsamsonb7@technorati.com,Female,19.236.135.59
405,Vinita,De Bell,vdebellb8@accuweather.com,Female,203.141.210.157
406,Hewie,Simonett,hsimonettb9@reference.com,Male,173.168.72.96
407,Mikel,Tewkesberrie,mtewkesberrieba@sina.com.cn,Male,51.197.96.47
408,Fern,Krug,fkrugbb@t-online.de,Female,23.236.168.11
409,Joana,Plaskett,jplaskettbc@hao123.com,Female,27.242.88.36
410,Casper,Bennen,cbennenbd@studiopress.com,Male,224.88.32.237
411,Leeanne,Camerana,lcameranabe@tuttocitta.it,Non-binary,190.104.105.21
412,Berti,Baddoe,bbaddoebf@phoca.cz,Female,122.240.38.200
413,Frankie,Gilardoni,fgilardonibg@google.com.br,Female,143.62.69.235
414,Quinn,Minnis,qminnisbh@mayoclinic.com,Female,131.163.229.17
415,Joleen,Strut,jstrutbi@ezinearticles.com,Female,21.6.111.227
416,Wells,Reuben,wreubenbj@businesswire.com,Male,43.214.88.8
417,Rowen,Coast,rcoastbk@reddit.com,Male,185.107.9.136
418,Worthy,Drydale,wdrydalebl@hud.gov,Male,61.69.29.80
419,Ford,Batch,fbatchbm@photobucket.com,Male,181.200.195.93
420,Rycca,Coombes,rcoombesbn@hc360.com,Female,54.26.140.126
421,Nanci,Arkle,narklebo@amazon.com,Female,186.93.166.200
422,Jae,MacFayden,jmacfaydenbp@seattletimes.com,Male,97.139.189.241
423,Bibi,Spitell,bspitellbq@pagesperso-orange.fr,Female,81.3.63.89
424,John,Bagger,jbaggerbr@tuttocitta.it,Male,129.222.226.30
425,Leontine,Laingmaid,llaingmaidbs@msu.edu,Female,134.247.63.26
426,Lew,Rosborough,lrosboroughbt@hibu.com,Male,68.97.38.8
427,Hoebart,Alibone,halibonebu@cnet.com,Male,6.67.68.5
428,Salvador,Ondrus,sondrusbv@kickstarter.com,Male,8.7.54.227
429,Bethena,Reddle,breddlebw@omniture.com,Female,235.73.125.151
430,Reese,Moncey,rmonceybx@over-blog.com,Male,62.71.211.10
431,Conrado,Briand,cbriandby@msu.edu,Male,84.113.134.168
432,Vincenz,Hinzer,vhinzerbz@reuters.com,Polygender,241.237.245.198
433,Lorant,Nazer,lnazerc0@answers.com,Male,236.147.238.61
434,Stephine,Lehr,slehrc1@si.edu,Female,106.208.65.24
435,Brigit,Seabridge,bseabridgec2@cloudflare.com,Female,220.142.23.136
436,Myrtie,Wyley,mwyleyc3@wsj.com,Female,236.16.52.190
437,Danyelle,Vear,dvearc4@constantcontact.com,Female,33.110.238.135
438,Neysa,Bowller,nbowllerc5@de.vu,Female,42.60.171.135
439,Eula,Zollner,ezollnerc6@icq.com,Female,70.26.80.21
440,Nate,Broseman,nbrosemanc7@bigcartel.com,Male,219.29.148.164
441,Vanna,Sesons,vsesonsc8@comsenz.com,Female,91.23.170.231
442,Ernaline,Papps,epappsc9@java.com,Female,231.217.72.88
443,Garvy,Patsall,gpatsallca@devhub.com,Male,126.201.67.24
444,Bianca,Levane,blevanecb@hp.com,Female,110.138.132.73
445,Bevin,Crielly,bcriellycc@miitbeian.gov.cn,Male,145.40.7.218
446,Ardis,Soots,asootscd@angelfire.com,Female,180.226.106.70
447,Parrnell,Ferrara,pferrarace@hibu.com,Male,155.172.183.193
448,Aldon,Bootman,abootmancf@baidu.com,Male,92.219.177.31
449,Katherine,Vankin,kvankincg@intel.com,Female,101.77.22.128
450,Ade,Silby,asilbych@flickr.com,Male,218.16.242.41
451,Dun,Palley,dpalleyci@angelfire.com,Male,86.206.90.77
452,Mack,Nowakowski,mnowakowskicj@creativecommons.org,Polygender,56.79.161.192
453,Renate,McTerry,rmcterryck@skyrock.com,Female,84.238.76.195
454,Mordecai,Anstie,manstiecl@unc.edu,Male,145.210.100.69
455,Rollins,Cuberley,rcuberleycm@jigsy.com,Male,214.103.27.161
456,Tucker,McAneny,tmcanenycn@miibeian.gov.cn,Male,180.130.185.6
457,Katharyn,Storry,kstorryco@topsy.com,Non-binary,148.41.253.181
458,Betti,Attril,battrilcp@samsung.com,Female,58.197.241.34
459,Chad,Millan,cmillancq@psu.edu,Male,28.56.24.240
460,Merl,Skip,mskipcr@networksolutions.com,Non-binary,89.57.118.27
461,Kinna,Martinek,kmartinekcs@skyrock.com,Female,168.108.125.59
462,Vern,Godfree,vgodfreect@printfriendly.com,Male,83.174.18.11
463,Yehudit,Chandler,ychandlercu@google.co.jp,Male,13.142.168.96
464,Sid,Attryde,sattrydecv@virginia.edu,Male,164.32.8.170
465,Greer,Connor,gconnorcw@adobe.com,Genderfluid,151.87.19.203
466,Jennie,Fitzsimon,jfitzsimoncx@cnet.com,Female,181.138.240.213
467,Ingram,Vassman,ivassmancy@senate.gov,Male,62.152.223.223
468,Quinlan,Macieja,qmaciejacz@dyndns.org,Male,46.184.62.54
469,Shelley,Cammidge,scammidged0@mashable.com,Female,105.62.240.80
470,Danny,Leiden,dleidend1@biblegateway.com,Male,186.197.120.162
471,Joshua,Wabb,jwabbd2@usatoday.com,Male,38.69.233.70
472,Arlan,Larimer,alarimerd3@etsy.com,Male,192.100.0.124
473,Shepard,Willcox,swillcoxd4@hubpages.com,Male,131.124.64.198
474,Patrica,Catto,pcattod5@vinaora.com,Female,152.18.64.157
475,Sawyer,Troake,stroaked6@pen.io,Male,174.24.184.47
476,Lissi,Rosina,lrosinad7@booking.com,Female,13.192.74.106
477,Libbi,Manterfield,lmanterfieldd8@chron.com,Female,158.228.58.227
478,Andy,Marlen,amarlend9@japanpost.jp,Male,35.232.85.209
479,Teador,Zute,tzuteda@netvibes.com,Male,140.54.82.29
480,Nadeen,Treasure,ntreasuredb@dailymotion.com,Female,238.234.83.2
481,Mireielle,Sansom,msansomdc@indiatimes.com,Female,245.50.98.217
482,Annadiane,Minards,aminardsdd@mlb.com,Agender,240.244.154.53
483,Neel,Brocklebank,nbrocklebankde@google.nl,Male,139.240.41.176
484,Leonerd,Thorington,lthoringtondf@bbb.org,Male,220.198.208.58
485,Andy,Pudan,apudandg@friendfeed.com,Male,42.45.245.220
486,Denys,Yakubovics,dyakubovicsdh@stumbleupon.com,Female,204.70.84.206
487,Lu,Delong,ldelongdi@ucoz.ru,Female,18.70.166.189
488,Meier,Jinkins,mjinkinsdj@live.com,Bigender,20.159.119.181
489,Anders,Chedzoy,achedzoydk@wix.com,Male,245.103.126.53
490,Durante,Macguire,dmacguiredl@booking.com,Male,238.219.233.29
491,Cindie,Keelinge,ckeelingedm@businessinsider.com,Female,100.85.44.15
492,Tedman,Merkel,tmerkeldn@wikia.com,Male,140.113.52.224
493,Kristal,Maps,kmapsdo@phpbb.com,Polygender,219.179.46.94
494,Mabelle,Bazire,mbaziredp@psu.edu,Female,136.174.96.49
495,Hewet,Kleen,hkleendq@etsy.com,Male,166.17.163.39
496,Patricia,Winning,pwinningdr@wp.com,Female,91.248.38.56
497,Tomi,Rance,tranceds@washington.edu,Female,46.111.203.162
498,Linc,Dumke,ldumkedt@disqus.com,Male,44.67.202.149
499,Alair,Saundercock,asaundercockdu@ed.gov,Male,7.27.106.129
500,Edna,Huddart,ehuddartdv@tumblr.com,Female,94.66.91.164
501,Leoine,Greenhaugh,lgreenhaughdw@imdb.com,Female,156.68.159.164
502,Hollis,Karlmann,hkarlmanndx@hp.com,Male,63.0.100.234
503,Crissie,Brendish,cbrendishdy@wikimedia.org,Female,68.16.253.116
504,Maybelle,Camolli,mcamollidz@cdbaby.com,Female,126.122.199.168
505,Ingram,Tilbey,itilbeye0@phpbb.com,Male,188.33.208.76
506,Tallie,Petrello,tpetrelloe1@latimes.com,Male,100.33.123.215
507,Roxana,Cogley,rcogleye2@amazonaws.com,Female,147.5.91.172
508,Neil,Dillintone,ndillintonee3@latimes.com,Non-binary,131.136.176.85
509,Rees,Witherop,rwitherope4@aol.com,Male,17.8.226.97
510,Libby,Gippes,lgippese5@bluehost.com,Female,120.12.30.166
511,Livy,Zorn,lzorne6@xinhuanet.com,Female,141.146.62.69
512,Felike,Goodyear,fgoodyeare7@npr.org,Male,35.247.5.29
513,Isabelle,Orth,iorthe8@adobe.com,Female,121.226.202.239
514,Hobard,Habercham,hhaberchame9@stanford.edu,Male,43.89.126.60
515,Arlan,Duinkerk,aduinkerkea@bigcartel.com,Male,1.13.225.130
516,Erskine,Gandy,egandyeb@howstuffworks.com,Male,63.164.253.85
517,Jolene,Taylor,jtaylorec@webs.com,Female,83.228.210.54
518,Weber,Andreucci,wandreuccied@xing.com,Male,255.102.119.12
519,Carmine,Joburn,cjoburnee@friendfeed.com,Genderqueer,233.3.245.63
520,Vassili,Doxsey,vdoxseyef@answers.com,Male,174.90.187.25
521,Kendall,Swanton,kswantoneg@squarespace.com,Male,102.69.42.215
522,Neda,Jesper,njespereh@github.com,Female,194.185.139.169
523,Olav,Guitel,oguitelei@e-recht24.de,Male,30.207.4.76
524,Pris,Cason,pcasonej@blog.com,Agender,127.179.198.15
525,Aile,Gadaud,agadaudek@reference.com,Female,202.61.122.134
526,Baxy,Potes,bpotesel@smh.com.au,Male,19.129.118.114
527,Maurene,Bonnefin,mbonnefinem@icq.com,Female,119.246.51.104
528,Corbett,Pleasants,cpleasantsen@bigcartel.com,Male,35.9.78.135
529,Valaree,Dyzart,vdyzarteo@weather.com,Female,212.16.155.113
530,Patty,Verson,pversonep@youtu.be,Male,251.210.172.237
531,Patrick,Wain,pwaineq@ihg.com,Male,187.97.85.138
532,Concordia,Barrowcliffe,cbarrowcliffeer@cbc.ca,Female,110.47.113.32
533,Kevina,Sextie,ksextiees@flickr.com,Female,221.95.206.90
534,Marinna,Went,mwentet@wordpress.org,Bigender,124.218.92.0
535,Cinnamon,Arrell,carrelleu@indiatimes.com,Female,167.71.71.101
536,Dale,Henden,dhendenev@jugem.jp,Male,30.248.174.11
537,Burr,Job,bjobew@narod.ru,Male,131.0.76.181
538,Vernon,Fayre,vfayreex@time.com,Male,93.76.138.102
539,Quill,Fiennes,qfiennesey@wikia.com,Male,40.74.202.168
540,Bail,Whye,bwhyeez@wikispaces.com,Polygender,65.207.229.221
541,Thedric,Ozelton,tozeltonf0@reddit.com,Male,162.58.82.15
542,Nichole,Riggulsford,nriggulsfordf1@rambler.ru,Female,168.122.108.56
543,Mirabella,Goodman,mgoodmanf2@weebly.com,Female,161.211.36.112
544,Prent,Randles,prandlesf3@yellowbook.com,Male,144.89.44.185
545,Fabe,Cremer,fcremerf4@istockphoto.com,Genderfluid,117.61.12.197
546,Cort,Bernardeau,cbernardeauf5@netscape.com,Male,81.222.31.146
547,Annabel,Aubury,aauburyf6@typepad.com,Female,128.229.190.143
548,Allis,Force,aforcef7@shinystat.com,Polygender,242.103.40.194
549,Liesa,Aizikovitz,laizikovitzf8@unc.edu,Female,10.84.21.142
550,Herb,Phebey,hphebeyf9@i2i.jp,Male,7.5.190.154
551,Robbie,Georgel,rgeorgelfa@census.gov,Female,101.3.41.223
552,Elvis,Buscher,ebuscherfb@addthis.com,Genderqueer,234.25.163.132
553,Roman,Caudwell,rcaudwellfc@github.io,Male,206.189.4.157
554,Berta,Cutbush,bcutbushfd@adobe.com,Female,38.56.139.68
555,Constance,Leeburn,cleeburnfe@exblog.jp,Female,51.114.192.106
556,Fons,Giacovetti,fgiacovettiff@moonfruit.com,Male,60.128.205.131
557,Rosmunda,Padly,rpadlyfg@cbsnews.com,Female,51.32.200.6
558,Maureen,Alessandrini,malessandrinifh@dedecms.com,Female,228.57.57.54
559,Markos,O'Carrol,mocarrolfi@thetimes.co.uk,Male,132.230.154.126
560,Xerxes,Bentsen,xbentsenfj@yahoo.com,Male,8.248.234.139
561,Pammi,Miroy,pmiroyfk@multiply.com,Female,32.13.171.101
562,Ginnie,Humberstone,ghumberstonefl@stanford.edu,Female,99.68.127.231
563,Lucretia,Ettritch,lettritchfm@hao123.com,Female,181.14.12.61
564,Anya,Raund,araundfn@imdb.com,Female,213.77.141.164
565,Franz,Duchesne,fduchesnefo@posterous.com,Male,157.202.105.185
566,Teresa,Brims,tbrimsfp@cbslocal.com,Female,216.24.99.78
567,Herrick,Van Oort,hvanoortfq@friendfeed.com,Male,101.52.4.11
568,Andras,Sambals,asambalsfr@wikimedia.org,Male,236.94.143.170
569,Pail,Elfleet,pelfleetfs@sitemeter.com,Male,110.81.212.109
570,Mariellen,Newark,mnewarkft@dailymail.co.uk,Bigender,49.17.89.201
571,Rafaelita,Mullett,rmullettfu@fc2.com,Female,243.122.73.204
572,Audrey,MacCaughen,amaccaughenfv@sakura.ne.jp,Female,189.183.134.105
573,Steven,Mackiewicz,smackiewiczfw@oakley.com,Male,223.91.227.24
574,Helen,Brisseau,hbrisseaufx@quantcast.com,Female,49.145.122.183
575,Milzie,Baldung,mbaldungfy@alibaba.com,Female,251.244.84.79
576,Arnaldo,Bellas,abellasfz@freewebs.com,Male,58.193.21.205
577,Howard,Speariett,hspeariettg0@blinklist.com,Male,90.163.204.18
578,Galvan,Tickle,gtickleg1@ca.gov,Genderfluid,51.46.138.94
579,Dale,Hubbard,dhubbardg2@diigo.com,Male,175.180.39.139
580,Brittaney,Fynan,bfynang3@mapy.cz,Female,155.157.109.73
581,Hedwiga,Curtin,hcurting4@deviantart.com,Female,193.215.163.91
582,Carline,Caddock,ccaddockg5@ox.ac.uk,Female,186.138.91.199
583,Katrina,Cleminshaw,kcleminshawg6@is.gd,Genderfluid,161.166.185.238
584,Terry,Scawn,tscawng7@yellowpages.com,Polygender,187.248.105.219
585,Madalena,Athey,matheyg8@alexa.com,Female,26.81.78.50
586,Stefania,Oley,soleyg9@squidoo.com,Female,67.186.15.61
587,Aluino,Macbane,amacbanega@tiny.cc,Male,38.184.73.14
588,Dido,Fifoot,dfifootgb@imageshack.us,Female,122.86.69.27
589,Letisha,Braidon,lbraidongc@goo.ne.jp,Female,89.94.96.163
590,Christi,Pesek,cpesekgd@si.edu,Female,236.110.50.111
591,Clovis,Ormerod,cormerodge@barnesandnoble.com,Female,248.91.17.231
592,Bradley,Topley,btopleygf@google.co.jp,Male,25.205.115.247
593,Pru,Gurdon,pgurdongg@dmoz.org,Female,33.210.5.190
594,Sanderson,Urion,suriongh@jalbum.net,Polygender,89.11.251.49
595,Nye,Vernall,nvernallgi@paginegialle.it,Male,228.1.80.4
596,Robinetta,Louys,rlouysgj@myspace.com,Female,206.28.200.124
597,Welch,Bampfield,wbampfieldgk@sphinn.com,Male,225.189.132.159
598,Dietrich,Kervin,dkervingl@usda.gov,Male,178.47.154.194
599,Ida,Abson,iabsongm@geocities.jp,Female,227.92.152.243
600,Cathrine,Truscott,ctruscottgn@google.com.au,Female,133.45.215.16
601,Alden,Huntriss,ahuntrissgo@hud.gov,Genderfluid,170.60.235.231
602,Mile,Element,melementgp@house.gov,Male,29.220.3.27
603,Howey,Lalley,hlalleygq@xing.com,Male,219.183.233.46
604,Tiena,Amps,tampsgr@creativecommons.org,Female,182.73.190.1
605,Lilly,Twyning,ltwyninggs@webmd.com,Female,122.95.251.115
606,Petey,Barczewski,pbarczewskigt@toplist.cz,Male,162.32.19.239
607,Mufinella,Bradly,mbradlygu@cam.ac.uk,Female,23.59.21.219
608,Con,Sawforde,csawfordegv@g.co,Male,172.86.126.0
609,Murry,Gatchel,mgatchelgw@fema.gov,Male,43.26.142.235
610,Rosalinda,Liverock,rliverockgx@github.io,Female,203.223.147.89
611,Den,Geldeford,dgeldefordgy@hubpages.com,Male,154.144.146.165
612,Carol,Illsley,cillsleygz@businessinsider.com,Female,111.222.125.20
613,Roxine,Liggons,rliggonsh0@moonfruit.com,Female,84.165.224.9
614,Stafford,MacGahy,smacgahyh1@bbb.org,Male,7.68.81.78
615,Enoch,Pandie,epandieh2@oakley.com,Male,83.142.227.7
616,Reagan,Insko,rinskoh3@psu.edu,Male,74.254.31.96
617,Ruby,Anning,ranningh4@chicagotribune.com,Male,254.4.192.99
618,Helenelizabeth,Greatorex,hgreatorexh5@pen.io,Female,170.120.250.231
619,Baird,Amdohr,bamdohrh6@techcrunch.com,Male,25.5.17.33
620,Zonda,Bleakley,zbleakleyh7@unesco.org,Female,128.47.200.179
621,Starlene,Roakes,sroakesh8@themeforest.net,Female,144.38.149.99
622,Melodie,Gonneau,mgonneauh9@state.tx.us,Female,220.9.157.208
623,Glynis,Stairmond,gstairmondha@exblog.jp,Female,245.159.229.163
624,Malia,Roddy,mroddyhb@imdb.com,Non-binary,212.40.132.157
625,Alidia,Crang,acranghc@amazon.de,Female,188.69.240.16
626,Appolonia,Patterson,apattersonhd@usatoday.com,Female,7.115.217.78
627,Drucie,Wreiford,dwreifordhe@nymag.com,Female,28.101.220.50
628,Jeni,Sothern,jsothernhf@businesswire.com,Female,84.161.47.182
629,Sophi,Amorine,samorinehg@feedburner.com,Female,24.105.60.141
630,Loleta,Dowsing,ldowsinghh@list-manage.com,Genderqueer,189.205.3.131
631,Dayle,Lymbourne,dlymbournehi@ftc.gov,Female,102.14.209.8
632,Gwyn,Chess,gchesshj@sina.com.cn,Female,216.71.57.24
633,Ruddie,Taleworth,rtaleworthhk@cornell.edu,Male,195.250.217.187
634,Mattheus,Gonsalo,mgonsalohl@ted.com,Male,45.36.203.42
635,Ursala,Dyster,udysterhm@chronoengine.com,Female,119.76.57.245
636,Abel,Orht,aorhthn@shinystat.com,Male,183.198.128.61
637,Zerk,Simoncini,zsimonciniho@ehow.com,Male,1.131.60.172
638,Starr,Mc Coughan,smccoughanhp@hugedomains.com,Female,161.248.1.179
639,Eleen,Meiklam,emeiklamhq@china.com.cn,Female,162.32.2.217
640,Wesley,Cornbill,wcornbillhr@state.gov,Bigender,204.14.141.33
641,Aleece,Hamshere,ahamsherehs@imdb.com,Female,136.207.134.30
642,Marleah,Kingman,mkingmanht@bluehost.com,Female,10.66.231.106
643,Wylie,Kew,wkewhu@bloglovin.com,Male,136.32.143.172
644,Helen-elizabeth,Crowson,hcrowsonhv@wikipedia.org,Female,63.47.241.180
645,Renaldo,Issatt,rissatthw@samsung.com,Male,131.94.217.86
646,Blinny,Thexton,bthextonhx@bbb.org,Female,145.125.11.118
647,Perry,Allsup,pallsuphy@bloomberg.com,Female,190.185.183.148
648,Clywd,Lucy,clucyhz@1688.com,Male,150.23.183.163
649,Daisy,Muckleston,dmucklestoni0@themeforest.net,Female,76.237.69.48
650,Jolynn,Dumblton,jdumbltoni1@fastcompany.com,Female,225.145.162.195
651,Tine,Signore,tsignorei2@forbes.com,Female,148.100.186.119
652,Marybelle,Brims,mbrimsi3@ibm.com,Female,42.61.219.242
653,Basilius,Wands,bwandsi4@ovh.net,Male,225.212.87.38
654,Kimble,Lipyeat,klipyeati5@amazon.co.jp,Male,122.235.211.251
655,Rowan,Klainman,rklainmani6@dion.ne.jp,Agender,35.180.96.78
656,Booth,Dewer,bdeweri7@qq.com,Male,41.168.91.197
657,Naoma,Masseo,nmasseoi8@biglobe.ne.jp,Female,26.159.148.225
658,Lonna,Kelberer,lkelbereri9@fastcompany.com,Female,67.190.157.31
659,Tammi,Ovesen,tovesenia@tiny.cc,Genderqueer,114.228.213.69
660,Karlyn,Spon,ksponib@imdb.com,Polygender,70.120.121.237
661,Ros,Tarver,rtarveric@creativecommons.org,Female,255.230.210.197
662,Olivie,Reoch,oreochid@google.co.jp,Female,226.225.185.191
663,Jemmy,Dowdell,jdowdellie@qq.com,Female,172.87.124.100
664,Leisha,La Torre,llatorreif@examiner.com,Female,246.239.24.250
665,Kelly,Sparke,ksparkeig@ucsd.edu,Female,129.96.52.41
666,Jody,Geertz,jgeertzih@fc2.com,Genderfluid,83.152.13.29
667,Amby,Stot,astotii@telegraph.co.uk,Male,173.130.125.44
668,Blair,Ingrey,bingreyij@fc2.com,Female,123.26.78.224
669,Janeta,Gabala,jgabalaik@usnews.com,Female,89.12.72.203
670,George,Ditchett,gditchettil@so-net.ne.jp,Male,213.235.69.248
671,Munmro,Mardle,mmardleim@apache.org,Bigender,146.35.193.154
672,Kaspar,Armsby,karmsbyin@netscape.com,Male,140.237.95.189
673,Damita,MacIan,dmacianio@answers.com,Female,33.5.101.207
674,Farlay,Coxhell,fcoxhellip@sun.com,Male,28.147.226.33
675,Florie,Jendrys,fjendrysiq@unesco.org,Female,194.190.121.126
676,Vance,Kilgour,vkilgourir@fema.gov,Male,88.241.63.240
677,Thibaut,Togher,ttogheris@cnet.com,Male,225.111.236.40
678,Annette,Amburgy,aamburgyit@chron.com,Female,192.244.72.41
679,Paquito,Sudworth,psudworthiu@unblog.fr,Male,119.79.246.45
680,Ava,Curdell,acurdelliv@google.it,Female,151.96.135.163
681,Francois,Grigoliis,fgrigoliisiw@printfriendly.com,Male,180.28.194.180
682,Lynnell,Butland,lbutlandix@usatoday.com,Female,131.103.153.209
683,Burg,Crossgrove,bcrossgroveiy@usnews.com,Male,172.243.106.38
684,Marcela,Normaville,mnormavilleiz@so-net.ne.jp,Female,198.216.138.51
685,Janey,Folshom,jfolshomj0@nifty.com,Female,17.111.8.226
686,Atlanta,Kearns,akearnsj1@google.de,Female,242.186.53.65
687,Valry,Albutt,valbuttj2@reddit.com,Female,184.37.84.78
688,Alicia,Renzullo,arenzulloj3@wordpress.com,Non-binary,53.222.203.35
689,Ben,Stive,bstivej4@webs.com,Male,117.176.93.219
690,Theodore,Hastings,thastingsj5@plala.or.jp,Male,212.148.180.197
691,Adams,Lenoir,alenoirj6@freewebs.com,Male,112.77.160.251
692,Cointon,Tarbett,ctarbettj7@google.co.uk,Male,240.16.185.82
693,Sayers,Gabriely,sgabrielyj8@tiny.cc,Male,204.131.252.185
694,Ailee,Ferrao,aferraoj9@zimbio.com,Female,253.210.110.229
695,Alyce,Pealing,apealingja@addthis.com,Female,83.46.33.230
696,Rennie,Turvey,rturveyjb@princeton.edu,Female,89.90.74.148
697,Robinet,Job,rjobjc@hp.com,Male,107.56.75.221
698,Greer,Folli,gfollijd@cam.ac.uk,Female,99.198.217.31
699,Llywellyn,Carbin,lcarbinje@dyndns.org,Male,114.166.138.89
700,Fields,D'eath,fdeathjf@utexas.edu,Male,195.43.50.165
701,Milly,Gravey,mgraveyjg@amazon.com,Female,172.252.228.202
702,Mahmud,O'Lahy,molahyjh@ameblo.jp,Male,217.98.22.212
703,Hersh,Ector,hectorji@sina.com.cn,Male,16.84.129.13
704,Hinda,Gawthrop,hgawthropjj@wp.com,Female,206.200.10.45
705,Eric,Baggelley,ebaggelleyjk@com.com,Genderqueer,98.60.73.54
706,Franzen,Flook,fflookjl@unc.edu,Male,6.216.200.174
707,Rene,Bernat,rbernatjm@opera.com,Non-binary,114.39.50.248
708,Grace,Vasse,gvassejn@twitpic.com,Female,13.143.245.217
709,Marni,Ionesco,mionescojo@moonfruit.com,Genderfluid,99.119.26.233
710,Victoir,Silk,vsilkjp@smh.com.au,Male,214.166.77.192
711,Johannes,Fortescue,jfortescuejq@senate.gov,Male,86.51.55.226
712,Gunner,Pirolini,gpirolinijr@timesonline.co.uk,Male,133.110.72.12
713,Grenville,Bracken,gbrackenjs@home.pl,Male,249.108.112.241
714,Mercedes,Felgate,mfelgatejt@rakuten.co.jp,Female,167.92.70.164
715,Earlie,Edel,eedelju@nbcnews.com,Male,132.244.225.58
716,Ardis,Soeiro,asoeirojv@123-reg.co.uk,Female,75.234.168.29
717,Annette,Ferminger,afermingerjw@cbc.ca,Female,179.41.172.198
718,Donielle,Seargeant,dseargeantjx@latimes.com,Genderfluid,244.255.176.151
719,Elayne,Charrette,echarrettejy@facebook.com,Female,125.40.225.80
720,Merissa,Heckle,mhecklejz@rambler.ru,Female,144.101.255.98
721,Balduin,Azam,bazamk0@accuweather.com,Male,79.196.12.74
722,Lee,Sterley,lsterleyk1@dion.ne.jp,Female,203.97.127.232
723,Anni,Gedling,agedlingk2@statcounter.com,Female,66.84.116.158
724,Neale,Gley,ngleyk3@zdnet.com,Male,67.241.183.33
725,Issy,Cardillo,icardillok4@people.com.cn,Female,243.70.181.57
726,Casey,Whittenbury,cwhittenburyk5@artisteer.com,Male,53.86.75.178
727,Alexandrina,Joll,ajollk6@alexa.com,Genderqueer,15.127.59.208
728,Darryl,Rubury,druburyk7@admin.ch,Female,139.162.240.119
729,Fabiano,Morlon,fmorlonk8@wufoo.com,Male,54.155.23.48
730,Goldie,Makinson,gmakinsonk9@bbb.org,Female,253.53.152.70
731,Atlanta,Rummery,arummeryka@wikimedia.org,Female,46.86.68.182
732,Noreen,Schohier,nschohierkb@fda.gov,Female,63.72.174.163
733,Engelbert,Jakoviljevic,ejakoviljevickc@mapy.cz,Male,66.180.2.154
734,Selinda,Yakushkin,syakushkinkd@linkedin.com,Female,200.169.91.133
735,Aidan,McAlindon,amcalindonke@purevolume.com,Female,229.223.39.186
736,Torr,Argile,targilekf@wufoo.com,Male,52.33.138.164
737,Chen,Loch,clochkg@ted.com,Male,227.117.169.241
738,Sly,Poppleston,spopplestonkh@ed.gov,Male,230.166.68.80
739,Fee,Phetteplace,fphetteplaceki@phoca.cz,Male,159.155.69.202
740,Romain,Halwill,rhalwillkj@naver.com,Male,142.13.142.143
741,Faustine,Russam,frussamkk@google.pl,Female,105.60.7.201
742,Vi,Coushe,vcoushekl@microsoft.com,Female,195.78.72.120
743,Kevin,Feragh,kferaghkm@issuu.com,Male,63.140.170.3
744,Cilka,Gallager,cgallagerkn@wiley.com,Female,240.177.4.25
745,Wes,Waldron,wwaldronko@blinklist.com,Male,27.171.242.85
746,Xaviera,Conechie,xconechiekp@nhs.uk,Female,142.119.168.33
747,Lazar,Bootland,lbootlandkq@smh.com.au,Male,244.151.129.139
748,Obie,Claricoates,oclaricoateskr@intel.com,Male,146.5.25.135
749,Irina,Noone,inooneks@list-manage.com,Female,75.241.144.36
750,Aldric,Fantin,afantinkt@geocities.com,Male,178.108.54.45
751,Kristofer,MacNess,kmacnessku@fastcompany.com,Male,11.32.231.192
752,Berke,Whartonby,bwhartonbykv@sourceforge.net,Male,195.201.246.167
753,Jacklyn,Stiger,jstigerkw@webs.com,Female,165.222.102.135
754,Rochella,Dunabie,rdunabiekx@usgs.gov,Female,84.207.34.129
755,Ki,Gaither,kgaitherky@techcrunch.com,Female,127.99.116.21
756,Winnie,Mccaull,wmccaullkz@baidu.com,Male,250.67.18.41
757,Cassandry,Killby,ckillbyl0@tamu.edu,Female,85.186.201.120
758,Janis,Browse,jbrowsel1@independent.co.uk,Female,174.95.35.188
759,Rosemarie,Clewett,rclewettl2@quantcast.com,Female,26.220.96.63
760,Lurline,Fateley,lfateleyl3@stanford.edu,Female,214.255.123.225
761,Kathryne,Chester,kchesterl4@example.com,Female,48.84.202.191
762,Patten,Bakeup,pbakeupl5@go.com,Male,239.121.218.132
763,Hubey,Blackborough,hblackboroughl6@livejournal.com,Male,183.137.134.23
764,Dunstan,Finder,dfinderl7@tripod.com,Male,254.182.131.129
765,Clea,Eustace,ceustacel8@moonfruit.com,Female,171.220.44.202
766,Con,Polino,cpolinol9@ezinearticles.com,Male,137.232.24.118
767,Inger,Pettitt,ipettittla@spiegel.de,Male,110.67.10.54
768,Jacinta,Shipton,jshiptonlb@ucoz.com,Agender,100.67.188.1
769,Ulrica,Le Ball,uleballlc@theglobeandmail.com,Female,95.227.170.33
770,Kleon,Carlone,kcarloneld@ca.gov,Agender,83.193.230.108
771,Madlen,Caslin,mcaslinle@w3.org,Female,123.117.145.113
772,Ainslie,Wykey,awykeylf@woothemes.com,Female,239.83.206.122
773,Josee,Hetterich,jhetterichlg@bravesites.com,Female,30.40.164.71
774,Robinette,Tedder,rtedderlh@netvibes.com,Female,74.155.29.218
775,Zea,Bardnam,zbardnamli@prweb.com,Non-binary,244.207.27.14
776,Robinette,Djekovic,rdjekoviclj@abc.net.au,Bigender,82.206.211.48
777,Rhodia,Franciottoi,rfranciottoilk@utexas.edu,Female,144.80.57.108
778,Rebecka,Etoile,retoilell@mapquest.com,Female,69.37.219.140
779,Curran,Roylance,croylancelm@huffingtonpost.com,Male,242.34.98.163
780,Vivi,Jeakins,vjeakinsln@unicef.org,Female,180.121.5.56
781,Emmet,Coiley,ecoileylo@slideshare.net,Male,55.160.246.32
782,Lazaro,Gribben,lgribbenlp@nifty.com,Male,50.65.58.65
783,Barbie,Spratley,bspratleylq@blogtalkradio.com,Female,135.210.30.104
784,Valdemar,Spawton,vspawtonlr@vk.com,Male,112.54.28.187
785,Anthea,Tamburo,atamburols@mapquest.com,Female,16.187.152.103
786,Merrill,Blennerhassett,mblennerhassettlt@about.com,Male,155.67.59.47
787,Vasily,Mungham,vmunghamlu@tinypic.com,Male,93.216.143.3
788,Kalil,Goodinge,kgoodingelv@hatena.ne.jp,Male,192.199.245.81
789,Polly,Balmer,pbalmerlw@exblog.jp,Female,27.136.119.137
790,Anders,Yegorkov,ayegorkovlx@ning.com,Male,69.76.95.36
791,Even,Adam,eadamly@java.com,Male,111.86.220.26
792,Merralee,Krollmann,mkrollmannlz@pbs.org,Female,221.232.165.37
793,Barrie,Gebuhr,bgebuhrm0@statcounter.com,Female,211.192.12.86
794,Gwenni,Cowthard,gcowthardm1@parallels.com,Genderqueer,48.119.11.215
795,Jase,Jayne,jjaynem2@newsvine.com,Male,203.160.226.63
796,Merry,Gambles,mgamblesm3@imgur.com,Female,170.24.106.29
797,Denys,Huggens,dhuggensm4@zdnet.com,Female,40.117.84.45
798,Camilla,Ortas,cortasm5@prweb.com,Female,9.177.235.188
799,Cris,Blamphin,cblamphinm6@de.vu,Male,203.124.204.140
800,Laurel,Glyssanne,lglyssannem7@apple.com,Female,108.177.94.120
801,Melody,Ugoni,mugonim8@bloglines.com,Bigender,203.173.134.254
802,Will,Hardison,whardisonm9@imdb.com,Male,159.130.163.57
803,Korney,Carbett,kcarbettma@dropbox.com,Female,71.223.106.254
804,Salvador,Wanklin,swanklinmb@samsung.com,Male,178.217.246.87
805,Deirdre,Giaomozzo,dgiaomozzomc@tripadvisor.com,Female,53.232.248.91
806,Sapphire,Cooke,scookemd@google.cn,Female,206.223.164.228
807,Dirk,Skoate,dskoateme@phoca.cz,Male,55.167.23.227
808,Mame,Cohn,mcohnmf@123-reg.co.uk,Female,21.236.73.9
809,Lock,Espadas,lespadasmg@toplist.cz,Male,24.147.184.215
810,Paulo,Bowller,pbowllermh@issuu.com,Male,163.124.104.64
811,Ellsworth,Thridgould,ethridgouldmi@godaddy.com,Male,168.237.16.8
812,Shellysheldon,Sales,ssalesmj@ameblo.jp,Male,228.226.203.102
813,Briney,Kerans,bkeransmk@twitter.com,Female,96.109.102.3
814,Roberto,Smitherham,rsmitherhamml@harvard.edu,Male,146.122.185.186
815,Louie,Labern,llabernmm@google.co.jp,Genderfluid,239.166.51.236
816,Lebbie,Bhar,lbharmn@feedburner.com,Female,120.204.194.220
817,Troy,Cheney,tcheneymo@un.org,Male,159.110.77.6
818,Jaimie,Cartmel,jcartmelmp@chronoengine.com,Male,57.41.174.13
819,Engracia,Mugg,emuggmq@odnoklassniki.ru,Female,134.154.126.15
820,Menard,Corderoy,mcorderoymr@dropbox.com,Male,232.245.55.86
821,Thea,Wallwork,twallworkms@bing.com,Agender,78.162.110.228
822,Devy,Godfery,dgodferymt@vinaora.com,Male,104.253.229.178
823,June,Cowp,jcowpmu@yellowbook.com,Female,248.228.184.204
824,Averell,Whitbread,awhitbreadmv@dion.ne.jp,Male,126.100.136.58
825,Ninette,Fuster,nfustermw@freewebs.com,Female,233.50.5.98
826,Aylmer,Fairebrother,afairebrothermx@smugmug.com,Male,111.33.25.5
827,Oby,Shirlaw,oshirlawmy@lulu.com,Male,206.207.134.225
828,Giselbert,Jagiello,gjagiellomz@php.net,Male,5.151.161.240
829,Monty,Yarham,myarhamn0@wunderground.com,Agender,98.146.82.37
830,Lyndel,Castagnaro,lcastagnaron1@scientificamerican.com,Female,163.41.56.21
831,Chadwick,Ridder,criddern2@house.gov,Male,121.217.11.190
832,Sylas,Carson,scarsonn3@miibeian.gov.cn,Male,117.103.82.71
833,Leta,MacDougall,lmacdougalln4@amazon.de,Female,96.197.67.95
834,Fidel,Janusz,fjanuszn5@mlb.com,Male,98.215.181.191
835,Giffer,Skelcher,gskelchern6@phpbb.com,Male,17.213.52.185
836,Kendall,Corbould,kcorbouldn7@google.es,Male,206.113.219.249
837,Axel,Pinxton,apinxtonn8@sciencedirect.com,Male,220.121.110.1
838,Ronni,Bending,rbendingn9@jugem.jp,Polygender,167.110.37.188
839,Aurelea,Kopmann,akopmannna@biblegateway.com,Female,107.206.130.239
840,Dex,Spaight,dspaightnb@tripadvisor.com,Male,237.20.31.170
841,Holt,Camsey,hcamseync@angelfire.com,Male,29.206.165.12
842,Austin,Rablan,arablannd@about.me,Female,44.106.215.227
843,Georg,Chesterman,gchestermanne@blogtalkradio.com,Male,254.137.131.177
844,Hilda,Edyson,hedysonnf@bing.com,Female,10.238.74.242
845,Chicky,Van Giffen,cvangiffenng@weibo.com,Male,30.164.244.170
846,Silvanus,Lashley,slashleynh@seattletimes.com,Male,243.100.82.34
847,Bryn,Lynskey,blynskeyni@sina.com.cn,Male,7.112.45.125
848,Bernadine,Pendleberry,bpendleberrynj@oracle.com,Female,160.247.94.83
849,Calvin,Pardon,cpardonnk@e-recht24.de,Agender,242.90.103.49
850,Mariam,Stolli,mstollinl@lulu.com,Female,54.230.134.41
851,Roldan,Rangall,rrangallnm@vistaprint.com,Genderqueer,16.167.157.202
852,Karisa,Lavers,klaversnn@wikimedia.org,Female,207.78.151.120
853,Lurlene,Airlie,lairlieno@dot.gov,Non-binary,62.180.18.59
854,Karina,Pickring,kpickringnp@mapy.cz,Female,101.254.166.218
855,Orton,Elkin,oelkinnq@mozilla.org,Genderqueer,72.112.72.36
856,Jorrie,Fumagalli,jfumagallinr@amazon.co.uk,Female,141.246.32.53
857,Parker,State,pstatens@admin.ch,Male,221.83.33.152
858,Violet,Andrew,vandrewnt@dailymail.co.uk,Genderfluid,1.96.54.139
859,Constanta,McRae,cmcraenu@wp.com,Female,112.11.155.86
860,Rogerio,Mackison,rmackisonnv@addtoany.com,Male,163.75.78.50
861,Loydie,Lednor,llednornw@miitbeian.gov.cn,Male,239.53.179.242
862,Gamaliel,Fairman,gfairmannx@hostgator.com,Male,245.219.246.92
863,Florida,Chatan,fchatanny@vinaora.com,Female,113.167.46.7
864,Clementina,Neave,cneavenz@techcrunch.com,Female,131.205.216.60
865,Joye,Cordobes,jcordobeso0@globo.com,Female,234.108.27.33
866,Beth,Arro,barroo1@bbc.co.uk,Polygender,151.233.97.10
867,Reggie,Blick,rblicko2@a8.net,Male,205.155.203.186
868,Elfrieda,Reston,erestono3@ihg.com,Female,124.166.31.64
869,Halley,Menary,hmenaryo4@columbia.edu,Female,92.217.75.189
870,Paula,Brahams,pbrahamso5@sohu.com,Female,215.57.29.40
871,Aleda,Crooke,acrookeo6@yandex.ru,Non-binary,206.82.196.68
872,Matthaeus,Thairs,mthairso7@over-blog.com,Male,20.138.3.110
873,Deeanne,Tippler,dtipplero8@mediafire.com,Female,194.9.11.87
874,Emera,Rime,erimeo9@stumbleupon.com,Female,162.109.44.126
875,Gunar,Shortell,gshortelloa@gizmodo.com,Male,66.14.209.56
876,Alyda,Ambrose,aambroseob@macromedia.com,Female,194.31.147.96
877,Malchy,Pleat,mpleatoc@omniture.com,Male,150.117.89.164
878,Archibold,Pugh,apughod@adobe.com,Male,73.105.29.26
879,Dolorita,Dumphreys,ddumphreysoe@mozilla.com,Female,9.91.235.2
880,Martha,Kinlock,mkinlockof@aol.com,Female,239.207.26.1
881,Asa,Andrich,aandrichog@arstechnica.com,Male,189.71.183.68
882,Dulcine,Hentzer,dhentzeroh@sina.com.cn,Agender,35.164.228.147
883,Abdel,Kopfer,akopferoi@amazonaws.com,Male,88.128.187.77
884,Bellanca,Joscelyne,bjoscelyneoj@sourceforge.net,Female,234.101.67.190
885,Fax,Gopsell,fgopsellok@newsvine.com,Male,81.120.138.238
886,Alex,Dedam,adedamol@delicious.com,Male,157.138.14.41
887,Ardra,Dreus,adreusom@webnode.com,Female,77.30.83.167
888,Pippa,Just,pjuston@netlog.com,Genderfluid,40.74.96.75
889,Aron,Borrill,aborrilloo@phoca.cz,Male,218.25.160.18
890,Kissie,Boomes,kboomesop@google.cn,Polygender,139.81.134.98
891,Jacynth,Poker,jpokeroq@hp.com,Female,101.240.243.121
892,Kelly,Pandie,kpandieor@aboutads.info,Female,89.85.110.217
893,Jen,Logsdail,jlogsdailos@google.pl,Female,22.131.174.14
894,Amalea,Willerstone,awillerstoneot@unesco.org,Female,65.163.220.154
895,Shelley,Wakelam,swakelamou@e-recht24.de,Female,231.139.41.11
896,Melissa,Ciardo,mciardoov@google.com.hk,Female,251.131.16.192
897,Arnold,Baythorp,abaythorpow@gmpg.org,Male,1.129.55.41
898,Tuck,Hasser,thasserox@earthlink.net,Male,100.134.72.251
899,Ezmeralda,Burr,eburroy@ibm.com,Female,204.65.233.145
900,Stavro,Praten,spratenoz@jiathis.com,Male,164.121.241.155
901,Blanche,Tunstall,btunstallp0@tamu.edu,Female,169.27.82.226
902,Carmine,Brittle,cbrittlep1@newyorker.com,Male,56.111.111.129
903,Nessy,Culshaw,nculshawp2@about.me,Female,53.91.151.11
904,Katha,MacAllester,kmacallesterp3@typepad.com,Non-binary,142.181.111.220
905,Janina,Carwithen,jcarwithenp4@example.com,Female,155.182.197.125
906,Egor,Gow,egowp5@squarespace.com,Genderfluid,209.118.72.108
907,Bea,Clover,bcloverp6@mac.com,Genderfluid,10.25.135.145
908,Emili,Shrimptone,eshrimptonep7@europa.eu,Female,122.5.164.196
909,Davie,Middiff,dmiddiffp8@hp.com,Male,254.131.29.25
910,Regen,Nanni,rnannip9@rakuten.co.jp,Male,40.128.209.34
911,Anders,Goney,agoneypa@mozilla.com,Male,5.174.63.162
912,Joleen,Bilsborrow,jbilsborrowpb@edublogs.org,Female,9.9.151.108
913,Vanya,Balassi,vbalassipc@virginia.edu,Male,198.141.204.73
914,Sawyere,Whyteman,swhytemanpd@washington.edu,Male,53.250.18.94
915,Darrin,Echallie,dechalliepe@miitbeian.gov.cn,Male,247.189.97.219
916,Marylin,Dy,mdypf@youku.com,Female,72.126.130.48
917,Feodora,Chittock,fchittockpg@people.com.cn,Non-binary,15.211.155.120
918,Shaun,Lohde,slohdeph@eepurl.com,Male,102.56.118.254
919,Nicolai,Ebbitt,nebbittpi@addthis.com,Male,135.18.240.30
920,Vladimir,Maskell,vmaskellpj@wp.com,Male,82.244.208.137
921,Abbe,Velareal,avelarealpk@rambler.ru,Female,255.123.232.3
922,Elnar,Whitford,ewhitfordpl@nationalgeographic.com,Male,105.168.45.40
923,Tedra,Cowcha,tcowchapm@spiegel.de,Female,138.34.25.144
924,Carie,Gisbourn,cgisbournpn@ehow.com,Female,229.93.244.66
925,Liesa,Nicholls,lnichollspo@wiley.com,Female,201.203.249.57
926,Eustace,Beranek,eberanekpp@go.com,Male,86.126.115.75
927,Felipa,Blint,fblintpq@zdnet.com,Female,132.169.3.213
928,Shanan,Olin,solinpr@upenn.edu,Male,242.118.188.77
929,Jobie,Temblett,jtemblettps@ucsd.edu,Female,74.52.186.226
930,Sax,Clayfield,sclayfieldpt@example.com,Male,75.96.36.48
931,Thebault,Teulier,tteulierpu@archive.org,Male,111.251.3.132
932,Daniel,Antoniak,dantoniakpv@deviantart.com,Male,14.51.241.198
933,Edyth,Edgett,eedgettpw@cocolog-nifty.com,Female,229.89.176.193
934,Brittan,Colebourn,bcolebournpx@imgur.com,Female,77.195.126.2
935,Erna,Bawden,ebawdenpy@pagesperso-orange.fr,Female,73.177.246.168
936,Ginnie,Akeherst,gakeherstpz@unc.edu,Female,101.158.106.20
937,Wilhelmina,Altham,walthamq0@studiopress.com,Female,174.68.124.125
938,Isaiah,Hurring,ihurringq1@nasa.gov,Male,215.100.153.37
939,Eddy,Speariett,espeariettq2@nydailynews.com,Female,3.128.164.223
940,Quintus,Yate,qyateq3@kickstarter.com,Male,170.68.238.34
941,Aleksandr,Troy,atroyq4@irs.gov,Male,6.255.9.14
942,Sayre,Quigg,squiggq5@bloomberg.com,Female,240.187.167.131
943,Barnard,Langstrath,blangstrathq6@unc.edu,Male,175.220.244.24
944,Deb,Kesteven,dkestevenq7@psu.edu,Female,2.177.28.48
945,Elbert,Balentyne,ebalentyneq8@bizjournals.com,Male,47.112.18.22
946,Olly,Garrold,ogarroldq9@prweb.com,Female,41.200.102.222
947,Montague,Itzkin,mitzkinqa@edublogs.org,Male,156.52.110.178
948,Elysia,Gringley,egringleyqb@google.ru,Female,225.68.1.176
949,Leodora,Walklett,lwalklettqc@accuweather.com,Female,21.114.69.206
950,Paola,Tweed,ptweedqd@thetimes.co.uk,Female,62.58.20.58
951,Eugenio,D'Alesco,edalescoqe@people.com.cn,Male,79.80.49.185
952,Darrell,Teml,dtemlqf@slideshare.net,Bigender,185.64.210.32
953,Aylmer,Licciardello,alicciardelloqg@histats.com,Male,29.23.181.59
954,Pauly,Erbe,perbeqh@reddit.com,Male,25.84.134.224
955,Allayne,Spellacey,aspellaceyqi@unesco.org,Non-binary,213.194.84.250
956,Eadie,Antognoni,eantognoniqj@alibaba.com,Female,69.240.105.121
957,Felita,Bolsover,fbolsoverqk@theglobeandmail.com,Female,113.110.10.52
958,Teodorico,Eadmeades,teadmeadesql@miitbeian.gov.cn,Male,244.67.128.208
959,Trey,Cowthard,tcowthardqm@nyu.edu,Male,173.121.244.119
960,Tatiana,Jedraszek,tjedraszekqn@google.ca,Genderfluid,248.215.132.231
961,Donavon,Arthey,dartheyqo@livejournal.com,Male,218.164.50.43
962,Daryle,Stothart,dstothartqp@upenn.edu,Male,2.100.177.187
963,Nita,Booi,nbooiqq@noaa.gov,Female,58.21.3.58
964,Jolene,Blaiklock,jblaiklockqr@amazonaws.com,Female,196.36.204.248
965,Ronica,Pedersen,rpedersenqs@reference.com,Female,130.170.81.50
966,Brittney,Karolyi,bkarolyiqt@fema.gov,Female,176.126.136.10
967,Muhammad,Curthoys,mcurthoysqu@google.nl,Male,210.33.235.172
968,Glenda,Messenger,gmessengerqv@spotify.com,Female,96.78.89.196
969,Harmon,Strood,hstroodqw@freewebs.com,Male,225.16.242.78
970,Alric,Laurant,alaurantqx@bloglovin.com,Male,76.133.109.211
971,Otho,Andrysiak,oandrysiakqy@typepad.com,Male,12.152.60.2
972,Corny,Oglesbee,coglesbeeqz@zimbio.com,Female,254.155.142.161
973,Gerrilee,Pavkovic,gpavkovicr0@com.com,Female,218.194.240.128
974,Frannie,Whitloe,fwhitloer1@lycos.com,Female,149.165.146.85
975,Kamilah,Edsell,kedsellr2@sciencedirect.com,Female,127.233.39.209
976,Pauletta,Calcut,pcalcutr3@wufoo.com,Female,118.65.165.82
977,Hope,Flear,hflearr4@dyndns.org,Female,241.124.193.73
978,Marlie,Brookesbie,mbrookesbier5@irs.gov,Female,119.155.75.163
979,Darcee,Kenny,dkennyr6@chronoengine.com,Bigender,254.55.35.210
980,Bertie,Twitty,btwittyr7@zdnet.com,Male,192.109.62.157
981,Heindrick,Forten,hfortenr8@comsenz.com,Male,22.71.8.68
982,Winnifred,Surridge,wsurridger9@csmonitor.com,Female,195.24.85.180
983,Reade,Perchard,rperchardra@narod.ru,Male,170.253.53.254
984,Genvieve,Crame,gcramerb@nymag.com,Female,133.162.112.82
985,Netta,Toolan,ntoolanrc@squidoo.com,Female,196.184.149.135
986,Merrie,Bernardoni,mbernardonird@1und1.de,Female,118.69.158.25
987,Alison,Jovicevic,ajovicevicre@constantcontact.com,Female,117.144.72.18
988,Emory,Pell,epellrf@si.edu,Male,174.70.103.3
989,Korrie,Whitsun,kwhitsunrg@answers.com,Female,225.8.122.54
990,Zeke,Fancett,zfancettrh@discovery.com,Male,154.18.135.3
991,Lisha,Worters,lwortersri@comsenz.com,Female,75.178.233.93
992,Bette-ann,Gilbard,bgilbardrj@ucoz.ru,Female,7.113.246.75
993,Norris,Bruckmann,nbruckmannrk@google.it,Non-binary,81.189.255.253
994,Patty,Caseley,pcaseleyrl@stumbleupon.com,Female,102.222.129.70
995,Dante,Bertomier,dbertomierrm@arizona.edu,Male,26.121.215.41
996,Suzy,Eton,setonrn@businesswire.com,Female,71.18.22.245
997,Claudius,Thurnham,cthurnhamro@npr.org,Male,166.199.115.143
998,Edouard,Boatright,eboatrightrp@unc.edu,Male,88.79.122.174
999,Harwell,Wallenger,hwallengerrq@rambler.ru,Agender,87.97.229.51
1000,Pat,Pether,ppetherrr@vimeo.com,Male,181.39.76.69
